{
  "xsWPRIME2000NNLO": [
    1.1698941376676169,
    1.5655305385000027,
    1.06382190589524
  ],
  "scale_factor_syst": [
    -0.2620776471888061,
    1.8426935452982316,
    -1.6597640343686912
  ],
  "qcdWeightTTW_": [
    -0.42955238414691393,
    -0.6826613827939436,
    1.4845769139023217
  ],
  "Muon_systScale": [
    -2.0352139665847293,
    0.7962154560487468,
    0.5815506814928257
  ],
  "xsTTbarTTbarNLO": [
    1.4839535810679152,
    0.8854340431999608,
    1.0711893456316395
  ],
  "xsHIGNNLO": [
    -1.6045182150623827,
    0.2651019464873459,
    -1.1117842611751778
  ],
  "xsTTbarNNLO": [
    -0.5026008610879164,
    0.0972271703590952,
    -0.3749804648714217
  ],
  "xsWWGNLO": [
    0.9244500931505449,
    -0.843928330367224,
    1.7118552549725998
  ],
  "xsDrellYanNLO": [
    -0.840705270161939,
    0.09865359615160571,
    -0.047322468302365014
  ],
  "qcdWeightWZG_": [
    0.41666574560283964,
    0.6557405620845407,
    -0.3201873561440417
  ],
  "xsWGLO": [
    0.28174834849458824,
    1.2864831550201803,
    -0.388234900007668
  ],
  "Gamma_systScale": [
    -0.9770072652407379,
    -0.04701113045688369,
    -2.096177199712618
  ],
  "qcdWeightWG_": [
    -0.32411142858970826,
    0.13001173800235827,
    0.8101895697194281
  ],
  "xsZZNLO": [
    -0.3608080576188776,
    0.5666846583168456,
    1.3141125998828065
  ],
  "fake": [
    1.2187153566771463,
    0.1430939724335482,
    -1.5824218032116344
  ],
  "qcdWeightZToInvisible_": [
    -0.6296533330653287,
    1.2999120292158628,
    -0.22560927854136797
  ],
  "xsWWWNLO": [
    0.7003327902077121,
    0.045746561913468126,
    -0.4756983828091776
  ],
  "qcdWeightTTG_": [
    -0.2943910443887512,
    1.3344693356935393,
    0.7203268956348692
  ],
  "pdfuponly": [
    1.4717871208371027,
    -0.8051558476719147,
    -0.18126641148054665
  ],
  "prefire": [
    -0.7619974421838018,
    0.9731190835654174,
    0.08723840231447373
  ],
  "xstGNLO": [
    -1.3622674345806542,
    -0.4375237419480378,
    0.7704461518608314
  ],
  "qcdWeightTTZ_": [
    -1.158256361905341,
    0.47954427390757287,
    0.5868470159929201
  ],
  "qcdWeightWZ_": [
    -0.41549053111416867,
    -0.7822700100582074,
    0.9219925826524753
  ],
  "qcdWeightWPRIME2000_": [
    -0.5847991923091979,
    1.3108677734768663,
    -0.9188809113307974
  ],
  "qcdWeighttZQ_": [
    -0.3897575939052905,
    0.053104457305221,
    0.5937470918058899
  ],
  "xsHIGN3LO": [
    0.2843979596886947,
    0.06803881377127168,
    0.6902728651577154
  ],
  "qcdWeightHIG_": [
    2.0547730191573934,
    -0.33760409880016445,
    -1.0890634060760696
  ],
  "xsWWNNLO": [
    0.7981874838059229,
    -0.7751603299995378,
    1.9330770681799612
  ],
  "xstZQNLO": [
    1.617501756332853,
    -1.2202341991347077,
    -1.832454688693288
  ],
  "qcdWeightZZZ_": [
    0.6650817091328408,
    -0.16268391082813846,
    -1.2237734662925275
  ],
  "xsWGNLO": [
    1.1865994325813374,
    -0.41820298439009096,
    -1.2591496899411119
  ],
  "qcdWeightWWZ_": [
    0.8998495038479727,
    -0.877455132110124,
    -1.2489511245675948
  ],
  "qcdWeightGG_": [
    1.09462788501256,
    1.9007538882344128,
    0.5816719054846656
  ],
  "luminosity": [
    -1.1928623779531025,
    -0.07271684293064894,
    -1.364523959741488
  ],
  "qcdWeighttG_": [
    -0.8575375193071302,
    0.12101051235062804,
    0.4612710174016447
  ],
  "alphas": [
    0.21754902998469833,
    1.0918612344602887,
    0.1211364224685785
  ],
  "xsWZNLO": [
    0.9075597505679565,
    -0.7572563808741396,
    0.429784394394311
  ],
  "qcdWeightTTGG_": [
    0.6533938393061538,
    -0.20922992391269563,
    -0.05648864272495073
  ],
  "xsWZGNLO": [
    -0.2673400425546029,
    1.1284186017683095,
    0.7795370602603173
  ],
  "Ele_systScale": [
    -1.4169517588801723,
    -0.24948884328412763,
    0.9793175655447662
  ],
  "Muon_systResolution": [
    -0.8320762165276576,
    -1.0258340822018583,
    2.084260483385389
  ],
  "xsGGNLO": [
    0.9135819898023229,
    0.07328046557045025,
    -1.509338433695791
  ],
  "xsGammaLO": [
    0.5267784158585802,
    -1.2983080929473174,
    -0.7895087827467787
  ],
  "pileup": [
    -0.9545070479265662,
    -0.5072099543626638,
    -0.5824199956008768
  ],
  "xsWWNLO": [
    0.23253054637970977,
    2.001934917852463,
    -0.46818898150480287
  ],
  "xsTTGGNLO": [
    -0.3565054345962859,
    2.122467388094724,
    -1.9361961567748627
  ],
  "xsTTGNLO": [
    -2.2764692509966262,
    -1.188259103597664,
    1.4816475141162802
  ],
  "qcdWeightQCD_": [
    -0.042009846788858156,
    0.5696122732622921,
    -1.3332145801016917
  ],
  "qcdWeightTop_": [
    0.6202362733152063,
    -0.03832716424423481,
    -1.023169059072648
  ],
  "xsWGGNLO": [
    -0.8394847601289955,
    1.0142294270296917,
    1.2526116665890572
  ],
  "qcdWeightWW_": [
    -0.23908836206053227,
    0.20499466313947368,
    -1.2957414459436318
  ],
  "Jet_systResolution": [
    -0.8216513602611983,
    -2.5545661887544537,
    -0.3578618950713942
  ],
  "qcdWeightWZZ_": [
    0.9251362170749994,
    -0.2059860410105841,
    -1.738378196215111
  ],
  "Jet_systScale": [
    -0.4036994393343116,
    -0.5268268009743206,
    -0.36360106683624654
  ],
  "qcdWeightDrellYan_": [
    0.6291692112729953,
    -0.2857642638122253,
    0.45129494477223314
  ],
  "qcdWeightWWG_": [
    -1.5611044109442265,
    0.3406806450726276,
    -2.1669700866882318
  ],
  "slimmedMETs_systScale": [
    -0.3984534578645684,
    0.9707681132433655,
    2.247579905985263
  ],
  "xsQCDLO": [
    0.6194766080371762,
    1.7801448656837335,
    -0.1423249707155588
  ],
  "qcdWeightWGG_": [
    0.031936483612912264,
    2.2965707645809537,
    0.06341580827338075
  ],
  "xsWZZNLO": [
    -0.08682198135555999,
    -1.292835858242528,
    -0.960441214456073
  ],
  "qcdWeightTTbarTTbar_": [
    -0.9016470310241652,
    1.838169257086642,
    -0.8757531225264275
  ],
  "qcdWeightWWW_": [
    0.7385730697352931,
    0.2565217988408582,
    0.8132618953051365
  ],
  "xsGGLO": [
    0.3603382158055466,
    -0.6968728026205594,
    0.1311341283049349
  ],
  "xsHIGNLO": [
    0.765967867100879,
    -1.06488578623198,
    0.2049190136249128
  ],
  "qcdWeightZZ_": [
    1.0399989960534506,
    1.688808542484398,
    0.5283576946843855
  ],
  "xsTTZNLO": [
    -1.7824059475115568,
    -0.41528136916405395,
    1.2566764759052023
  ],
  "Jet_systBJetsSF2A": [
    0.012987255076552216,
    0.04478270286700493,
    -2.527700661173269
  ],
  "qcdWeightGamma_": [
    -0.5035180796994462,
    0.8839072478843947,
    -0.9730803220892659
  ],
  "xsTTWNLO": [
    1.417008852198069,
    -0.09857053582240606,
    -1.35600781529796
  ],
  "xsZZZNLO": [
    -0.5727288748368373,
    0.8592026903109449,
    0.5378331972182117
  ],
  "xsTopNLO": [
    -0.5660229924088914,
    1.9921622394695642,
    -0.18955492599606683
  ],
  "xsWLO": [
    -0.02306534884274349,
    0.6502689890673818,
    0.8602260194255988
  ],
  "xsWNNLO": [
    -1.4229571947772104,
    -0.8670089474422561,
    -0.07902284205618125
  ],
  "xsZToInvisibleNLO": [
    -1.2201433666142398,
    1.331549014570545,
    0.7035839291125127
  ],
  "charge": [
    0.3254870606009159,
    0.43633357589144645,
    1.8022484317482663
  ],
  "qcdWeightW_": [
    0.5008207962389284,
    -1.2161628359300647,
    -1.047897573255614
  ],
  "qcdWeightTTbar_": [
    1.200610043524668,
    -0.8978809328142361,
    -1.582488209316381
  ],
  "xsWWZNLO": [
    1.7815330328539924,
    0.03945014809234869,
    0.12437475453114652
  ]
}