{
  "xsWWZNLO": [
    1.1083643774987466,
    0.8150564883567989,
    0.6530866815665319
  ],
  "slimmedMETs_systScale": [
    -0.2308249784610234,
    0.8342984170696162,
    0.15587020584826097
  ],
  "xsWPRIME2000NNLO": [
    -0.19904458622324145,
    -0.7442019646894148,
    0.7258902488865823
  ],
  "xstZQNLO": [
    0.6114119176309194,
    0.7492764960401092,
    -0.6083867677400238
  ],
  "alphas": [
    0.15757821323029197,
    -1.5918306591834928,
    -0.45420807420340453
  ],
  "qcdWeightW_": [
    1.9196807936529747,
    -2.473057091961231,
    0.05686251449392321
  ],
  "xsWWNNLO": [
    0.8491399286258624,
    -0.8962261942878088,
    -2.332730979943028
  ],
  "qcdWeightTTZ_": [
    -0.28775928810357304,
    0.6640055420295594,
    2.652693684078243
  ],
  "qcdWeightTTGG_": [
    0.4954955790645961,
    1.2352583174529612,
    0.15333814563973291
  ],
  "prefire": [
    0.9397100841666204,
    -1.1576590517855783,
    0.2917896652231403
  ],
  "qcdWeightWG_": [
    1.0509329257831375,
    -0.62864776769673,
    -0.3894910293728959
  ],
  "qcdWeightZZ_": [
    -0.36345441941113293,
    -1.9631520593897516,
    -0.37701333143433075
  ],
  "qcdWeighttG_": [
    0.43868035700865193,
    0.5850008446726009,
    -0.8207465673919633
  ],
  "xsTopNLO": [
    -1.6693894928911805,
    -1.9122331831135402,
    0.011930856608512525
  ],
  "qcdWeightWPRIME2000_": [
    2.2050199404263084,
    1.2454713315199795,
    -0.3774976595722585
  ],
  "Jet_systBJetsSF2A": [
    1.377789492209108,
    -0.5270777325216767,
    -0.3236836597630466
  ],
  "scale_factor_syst": [
    1.1162616347508976,
    0.3411087978069782,
    0.7203858436161945
  ],
  "xsGammaLO": [
    -0.6235977980023014,
    0.17518200785935276,
    0.9556302019307802
  ],
  "qcdWeightGamma_": [
    0.9215629449265791,
    0.7972914182075574,
    0.23024891111632237
  ],
  "qcdWeightZZZ_": [
    -1.0530249310547868,
    -0.5957314861458555,
    -0.5301222843139044
  ],
  "xsTTbarTTbarNLO": [
    1.1725890293196544,
    -0.886284298917475,
    0.7371056037169468
  ],
  "xsGGLO": [
    0.6731637956122039,
    -0.3443133718402916,
    2.6782356562587353
  ],
  "qcdWeightWWZ_": [
    1.7293052776782059,
    0.685849577181753,
    -1.0254849675818514
  ],
  "xsWNNLO": [
    0.5852666663098329,
    -0.834151930197764,
    -0.7224429179235745
  ],
  "xsHIGN3LO": [
    -0.34314665938790917,
    -2.1592543172170093,
    -0.8968956721122439
  ],
  "xsTTGGNLO": [
    0.8542235443899904,
    2.2717918423936974,
    0.55257678143334
  ],
  "xsWGNLO": [
    0.33309815576338797,
    0.1297078912563409,
    -0.04177355214441234
  ],
  "xsWWWNLO": [
    0.3345929498951445,
    0.5771714085755464,
    2.4603228564755732
  ],
  "Muon_systResolution": [
    1.1054411265165172,
    -0.5498367727102822,
    -0.7761584352980747
  ],
  "qcdWeightWZG_": [
    1.8245002041006813,
    -1.6233985614723891,
    1.24115263904188
  ],
  "xsHIGNLO": [
    -0.6723754879561529,
    0.9447417708673858,
    -0.8884224556987703
  ],
  "xsTTZNLO": [
    1.3663517784564732,
    -0.22668941960442865,
    -1.2884198980145858
  ],
  "pileup": [
    1.3683736683564918,
    0.29135079898630384,
    -0.048581575059726205
  ],
  "xsTTWNLO": [
    0.6310313320234013,
    0.9419334132605776,
    1.9469870055026817
  ],
  "xsDrellYanNLO": [
    -0.47528718091157934,
    2.226409895678066,
    -1.4665441399401236
  ],
  "qcdWeightWZ_": [
    -0.4025539397229244,
    0.6545208765882562,
    -0.009970610896955055
  ],
  "qcdWeightWWW_": [
    1.0252663540425078,
    0.8650379436140223,
    -0.03282003815681284
  ],
  "xsZZNLO": [
    0.26130845941839964,
    -0.4115949320928298,
    -0.3065642640993473
  ],
  "Gamma_systScale": [
    0.8699822767931699,
    -0.5956502624862781,
    -1.4942946866008395
  ],
  "qcdWeightTop_": [
    1.162472609038842,
    0.13872944295397588,
    0.24906752456895487
  ],
  "qcdWeightQCD_": [
    -0.63781593700153,
    -0.23293992560398669,
    1.654290757636682
  ],
  "qcdWeightWZZ_": [
    1.734911803762227,
    -0.473857804635572,
    0.9524803182714152
  ],
  "xsWGLO": [
    -1.1280905482918013,
    0.2630752119888808,
    0.56089735184707
  ],
  "xsTTGNLO": [
    0.5598261697774368,
    -0.1876164413802514,
    0.4452143740546337
  ],
  "qcdWeightDrellYan_": [
    0.8682510225968727,
    -1.6846682707985579,
    0.9035272152715896
  ],
  "qcdWeightTTW_": [
    0.561852931404553,
    -0.04586080654730786,
    -1.3857690655177362
  ],
  "qcdWeightGG_": [
    2.003558814945511,
    0.4669830319640079,
    0.07915256339695632
  ],
  "xsHIGNNLO": [
    -0.22227928345066172,
    1.1070114293487692,
    0.006608556529456465
  ],
  "Muon_systScale": [
    -0.3955888201144036,
    0.7073011349112973,
    -1.1545858236031326
  ],
  "xsQCDLO": [
    1.3314262569840576,
    1.2988825494849814,
    0.3326697473774976
  ],
  "qcdWeightTTG_": [
    0.21703865747561246,
    0.834430891494455,
    -0.5156674731186387
  ],
  "xsWZZNLO": [
    1.5280301976021187,
    0.2791536602524529,
    -0.004194105444009223
  ],
  "xsTTbarNNLO": [
    -0.7114834673192243,
    0.6952664237178213,
    -0.48722214524206736
  ],
  "qcdWeightWW_": [
    1.689072241700093,
    -0.39486816703947,
    0.15073474859768898
  ],
  "xsWZNLO": [
    0.06506471313225602,
    0.1142747722125975,
    0.10024548591995941
  ],
  "xsWWNLO": [
    0.6366998975633447,
    0.42625898847258803,
    -1.5188676075288963
  ],
  "xsWZGNLO": [
    0.9666662210243037,
    1.1429400417216613,
    2.428400485163186
  ],
  "xsWLO": [
    0.8798732502374103,
    2.2129774565023608,
    0.3688333490570171
  ],
  "qcdWeightHIG_": [
    -0.560217846317802,
    -0.8114726788543141,
    -0.6167004717998191
  ],
  "luminosity": [
    0.607233995200119,
    -0.3583199864626092,
    0.39535394636841564
  ],
  "pdfuponly": [
    0.02849423268574062,
    0.9041895243383901,
    1.180881787047391
  ],
  "xsWGGNLO": [
    -0.5724378887301451,
    -0.7885711886052903,
    -0.9253341604184775
  ],
  "qcdWeightTTbar_": [
    -0.11611990620328118,
    0.7209590181058724,
    -1.1887080997010404
  ],
  "qcdWeighttZQ_": [
    0.3540774297225677,
    -0.6405827001033021,
    -1.590612333302976
  ],
  "xsWWGNLO": [
    -1.1424482571307149,
    0.30655415853433415,
    0.8908767807557251
  ],
  "Jet_systScale": [
    2.079770373705283,
    -0.2485040548221102,
    -0.8500281055586777
  ],
  "xsGGNLO": [
    0.6456007826635167,
    0.9379608922300446,
    0.6752775444843202
  ],
  "qcdWeightTTbarTTbar_": [
    -1.8551716995902061,
    -1.6325853765752838,
    0.8863465278197643
  ],
  "qcdWeightWGG_": [
    -0.32866893737739233,
    -0.1925464711475607,
    0.3741796694886819
  ],
  "Ele_systScale": [
    -1.50568415359019,
    -0.26704981977841097,
    0.7058471197993808
  ],
  "qcdWeightWWG_": [
    0.6552188215232357,
    -0.8633754730895568,
    -0.7217589875814316
  ],
  "Jet_systResolution": [
    1.146185355006905,
    -0.1701107432459883,
    -0.5029880420055819
  ],
  "xstGNLO": [
    -0.5666972613796473,
    -1.1224424304925074,
    -1.6448229122556506
  ],
  "xsZToInvisibleNLO": [
    -1.4311359798141605,
    2.2247688728245514,
    1.1844091905018084
  ],
  "charge": [
    -0.7472767610442117,
    0.10325564380992142,
    0.8792275892665428
  ],
  "qcdWeightZToInvisible_": [
    1.3466578263936864,
    1.2515417923245487,
    -0.07205753409624502
  ],
  "fake": [
    -0.3499925502699276,
    -0.5090308323103666,
    -0.28483213863678547
  ],
  "xsZZZNLO": [
    0.29329005709904493,
    0.2037562944839223,
    0.8254639310813281
  ]
}