{
  "xsDrellYanNLO": [
    1.4992967435803821,
    -0.6023070621586212,
    -0.6656781757824806
  ],
  "qcdWeightHIG_": [
    0.7937250015989205,
    0.5507229286070258,
    -0.658436548203641
  ],
  "xsTTbarTTbarNLO": [
    0.13260385038749242,
    0.5780328536970335,
    0.732154537747477
  ],
  "qcdWeightGG_": [
    0.4610162192810103,
    0.6540480027175469,
    -1.3360976873074408
  ],
  "qcdWeightZToInvisible_": [
    -0.8607212139747883,
    1.055830442388871,
    -0.568977932116802
  ],
  "pileup": [
    -1.5277945716516006,
    1.5118230174859835,
    -0.27038165494489885
  ],
  "qcdWeighttZQ_": [
    0.03429676529651183,
    -0.19428698822912693,
    -0.47458119665902054
  ],
  "qcdWeighttG_": [
    -0.20872096881609534,
    -0.8943841977826205,
    -0.8842087856422186
  ],
  "xsTTbarNNLO": [
    1.2305400373628537,
    0.8865927730204224,
    -1.0752639819156078
  ],
  "Jet_systBJetsSF2A": [
    0.94938360498956,
    0.2710137298728383,
    -0.5634517495992867
  ],
  "xsWGGNLO": [
    1.8473547385804683,
    1.7490398749121168,
    -0.31640343105875307
  ],
  "qcdWeightWZ_": [
    -0.4978490460172616,
    0.17912494636467244,
    -0.4245518672076898
  ],
  "qcdWeightTTGG_": [
    -0.5253959964840689,
    -0.9002604354791279,
    1.6946330161114433
  ],
  "scale_factor_syst": [
    0.8609101502081772,
    1.4205664857653355,
    1.1493389648729608
  ],
  "qcdWeightW_": [
    -0.019667485126003085,
    -0.08846497375762839,
    0.5611798494194229
  ],
  "qcdWeightTTZ_": [
    0.6119663750069925,
    -1.2042781070246145,
    -0.9793999671367736
  ],
  "xsWZGNLO": [
    1.1963546931443036,
    -1.3757426675027178,
    1.4860829718865334
  ],
  "Muon_systResolution": [
    1.7176386165833482,
    1.2917527062443477,
    0.6564019056763741
  ],
  "qcdWeightWZG_": [
    0.8330928036178642,
    -1.715067379630135,
    -0.4073891071533991
  ],
  "xsTTWNLO": [
    0.6407478233213606,
    -0.5030884862301337,
    1.7671531975667383
  ],
  "xsGammaLO": [
    0.9804443316889165,
    0.8242460538375708,
    -0.4705387403370222
  ],
  "xsTTGGNLO": [
    1.295518697916898,
    -2.178029861268702,
    -1.2089995232403932
  ],
  "qcdWeightGamma_": [
    -0.2944149046139538,
    -0.3855246065653019,
    0.49554736873595295
  ],
  "xsHIGNLO": [
    1.4747065941017279,
    -0.6786976946350308,
    -0.6404654572449712
  ],
  "qcdWeightDrellYan_": [
    -0.9893523331727727,
    2.450145338284909,
    -0.1505281970978215
  ],
  "xsWGLO": [
    -0.0732507831852158,
    0.8795149541084587,
    0.5966859067159246
  ],
  "xsWWNNLO": [
    1.3112704466587386,
    -1.5736194168516913,
    -1.1297632997216487
  ],
  "charge": [
    0.2500363650829012,
    -0.2186203917587306,
    1.0049953215768035
  ],
  "qcdWeightWPRIME2000_": [
    -0.317782207490798,
    1.6738134962529696,
    1.004592975639207
  ],
  "xsHIGNNLO": [
    0.17849448102378002,
    0.617695629655214,
    1.216618554861478
  ],
  "xsTTZNLO": [
    -0.14222498903869907,
    -0.34765650696718814,
    -0.22345796262715248
  ],
  "xsWWZNLO": [
    1.118238674748024,
    -1.4939982310175826,
    -0.14542087236265996
  ],
  "luminosity": [
    -0.5317227350025602,
    -0.14189034115608293,
    0.08595721343726212
  ],
  "qcdWeightZZZ_": [
    0.5659602138386011,
    -0.6720305669087737,
    0.1755710006421046
  ],
  "xsWWNLO": [
    -1.593648954567873,
    -0.7569047721714892,
    1.3910599803219328
  ],
  "qcdWeightWG_": [
    0.07680618783497675,
    1.2158494647812694,
    -0.8451895235015287
  ],
  "xsHIGN3LO": [
    -0.5597949038637964,
    -0.4898949841627456,
    1.309863013023592
  ],
  "xsWWGNLO": [
    0.5743937403163626,
    -1.0586435193987218,
    -0.2607282358286236
  ],
  "qcdWeightQCD_": [
    -1.5731714154239862,
    -1.0274251590476513,
    -1.3153098761262865
  ],
  "xsZZZNLO": [
    -0.18826106244528765,
    1.245154507118269,
    -1.762614903866686
  ],
  "qcdWeightWGG_": [
    -0.25825295939694226,
    -0.18205031020772175,
    2.564523052453617
  ],
  "qcdWeightTTbarTTbar_": [
    -0.21850673330666567,
    0.04190689264900361,
    1.50980392814206
  ],
  "qcdWeightZZ_": [
    1.4359183199156362,
    -1.6363945117397776,
    0.30427323663085704
  ],
  "xsZToInvisibleNLO": [
    0.539554592512135,
    0.9620536926897246,
    -0.24895083435060872
  ],
  "xsGGLO": [
    -1.750837486277658,
    -0.7925059843075021,
    0.2662272805923449
  ],
  "xsWNNLO": [
    -2.0187834079784874,
    -0.19914467968349464,
    1.8662410507012492
  ],
  "xstGNLO": [
    1.5840986890579494,
    -0.6286651226722895,
    -0.770162603194497
  ],
  "xsWLO": [
    -0.38740336193588215,
    -0.360698140070454,
    0.23843946214042824
  ],
  "xsTTGNLO": [
    -0.26352213525587825,
    -0.13446259732014126,
    0.1210574783465254
  ],
  "qcdWeightTTW_": [
    0.00346195567932863,
    -0.516691066345156,
    -0.39285020135689364
  ],
  "Muon_systScale": [
    2.3933600170582263,
    0.4612493279613049,
    1.3808946689040607
  ],
  "qcdWeightTop_": [
    -0.07439766257972293,
    -0.2877584035317317,
    1.177208693460147
  ],
  "qcdWeightWWZ_": [
    0.4019241286452225,
    0.1821402867554453,
    0.6112734532753318
  ],
  "fake": [
    1.9061926012546198,
    1.312430990192008,
    -0.36831744347803447
  ],
  "xsWZNLO": [
    0.09571923066377387,
    -1.0608852040845416,
    -0.8047725450124956
  ],
  "qcdWeightTTG_": [
    -1.4403807246025069,
    -0.5594138154218161,
    0.09007415075319757
  ],
  "pdfuponly": [
    -0.2878794776092332,
    -0.08233078312605852,
    -1.0463428110349877
  ],
  "xsWGNLO": [
    0.27302917132392424,
    0.9314675441594603,
    0.5078377701570298
  ],
  "prefire": [
    2.7568270399926673,
    -0.8387924258779756,
    1.612334636572682
  ],
  "xsWWWNLO": [
    0.9982758193791353,
    0.030865983344789506,
    -1.1402415503799284
  ],
  "slimmedMETs_systScale": [
    -2.309250226049324,
    0.5375474494351145,
    0.35013075518259723
  ],
  "xsWPRIME2000NNLO": [
    0.9866684280829382,
    0.4598360856307973,
    -0.8947982430508432
  ],
  "Jet_systScale": [
    -0.09199940340607278,
    0.07077149463986868,
    0.31166333339083646
  ],
  "xsZZNLO": [
    -0.38657818274252825,
    1.0732651597426388,
    0.34622395432260694
  ],
  "xsTopNLO": [
    0.16646280116374143,
    0.825784229064411,
    1.0826013858930468
  ],
  "Ele_systScale": [
    -1.280080801958889,
    -0.5056229513834224,
    0.9371315601538761
  ],
  "xsWZZNLO": [
    0.9195693242427614,
    0.3283602511729158,
    0.4922220930948683
  ],
  "xsQCDLO": [
    0.4635864636401644,
    0.5546662611838136,
    -1.589235334713587
  ],
  "Jet_systResolution": [
    -0.28587388144756515,
    1.7462137149766148,
    0.7459980643094241
  ],
  "qcdWeightWWW_": [
    1.0062812664438274,
    0.982361350377588,
    0.01628838825894102
  ],
  "qcdWeightWZZ_": [
    -0.13089922186018124,
    0.875793310250558,
    -0.4777064668644954
  ],
  "qcdWeightWW_": [
    1.8706067016304684,
    -0.6989654831513792,
    -0.3645658004111558
  ],
  "qcdWeightTTbar_": [
    0.35173185277159713,
    0.8557225445574128,
    0.6245965253981789
  ],
  "qcdWeightWWG_": [
    0.8603729446912012,
    -2.297241819287952,
    -0.08281937966885489
  ],
  "xsGGNLO": [
    0.3184183637416859,
    1.2858912204853223,
    0.6762651299156712
  ],
  "xstZQNLO": [
    -0.1796913124325883,
    -1.200443427476359,
    1.205280017816486
  ],
  "alphas": [
    -0.6833710119122277,
    0.714070335532097,
    0.711826267686344
  ],
  "Gamma_systScale": [
    -0.31178722294508515,
    -0.11193034466498014,
    -1.0418486668699045
  ]
}